USE bookstoredb;

insert into customer values ('alice', 'Alice Tan Min Min', 'Supersecr8', '8768273409192834', 'Ang Mo Kio St 84 Blk 544 #09-283', '91245678');
insert into customer values ('bob', 'Bob Builder The Best', 'password', '1937657316573188', 'Bishan St 47 Blk 123 #85-383', '80987643');
insert into customer values ('catherine', 'Catherine Smith', '123456' , '8765749364756123', 'Caldecott St 4 Blk 42 #74-194', '90864534');
insert into customer values ('donald', 'Donald Trump Great Again', 'imthebest', '0364518374657394', 'Trump Tower 48 #100-01', '80975347');
insert into customer values ('eddie', 'Eddie Murphy', 'abcd1234', '0864357876475647', 'Dhoby Ghaut 94 #09-485', '90854637');

insert into feedback values ('2016-01-05', '4', 'Boring book but at least it had pictures.', 'alice', '1449389678');
insert into feedback values ('2016-11-02', '7', 'Had fun reading it.', 'alice', '032147404X');
insert into feedback values ('2016-12-03', '6', 'Not that bad.', 'alice', '0684801523');
insert into feedback values ('2016-07-09', '9', 'Amazing book. Good read.', 'bob', '1594487715');
insert into feedback values ('2016-09-07', '8', 'Enjoyed it!', 'bob', '0393072223');
insert into feedback values ('2016-04-03', '1', 'What a horrible book. Do not recommend.', 'catherine', '0470523980');
insert into feedback values ('2015-08-11', '5', 'So so. Not terrible but not good either.', 'catherine', '032144146X');
insert into feedback values ('2016-06-07', '9', 'Great read!', 'catherine', '1848000693');
insert into feedback values ('2016-11-12', '10', 'AMAZING BOOK DEFINITELY GET IT!', 'donald', '1848000693');
insert into feedback values ('2016-09-10', '8', 'Good book. Would recommend! Useful tips!' , 'donald', '1449389554');
insert into feedback values ('2016-04-01', '2', 'Horrible book. Please do not get it. Wasted my money.', 'eddie', '0596529325');
insert into feedback values ('2015-09-08', '5', 'It was okay...', 'eddie', '1449389678');

insert into usefulness_rating values ('alice' ,'1', 'catherine', '0470523980');
insert into usefulness_rating values ('alice' ,'0', 'bob', '1594487715');
insert into usefulness_rating values ('alice', '2', 'donald', '1848000693');
insert into usefulness_rating values ('bob' , '0' ,'alice', '1449389678');
insert into usefulness_rating values ('bob', '2', 'eddie', '1449389678');
insert into usefulness_rating values ('catherine', '2', 'bob', '0393072223');
insert into usefulness_rating values ('donald', '1', 'catherine', '032144146X');
insert into usefulness_rating values ('donald', '0', 'eddie', '0596529325');
insert into usefulness_rating values ('eddie', '2', 'donald', '1848000693');

insert into order_history values ('1', '2016-01-01', 'completed');
insert into order_history values ('2', '2016-01-02', 'completed');
insert into order_history values ('3', '2015-01-01', 'completed');
insert into order_history values ('4', '2015-01-02', 'completed');
insert into order_history values ('5', '2016-01-01', 'completed');
insert into order_history values ('6', '2016-01-02', 'completed');
insert into order_history values ('7', '2015-01-01', 'completed');
insert into order_history values ('8', '2015-01-02', 'completed');
insert into order_history values ('9', '2016-01-03', 'completed');
insert into order_history values ('10', '2016-01-04', 'completed');
insert into order_history values ('11', '2015-01-05', 'completed');
insert into order_history values ('12', '2015-01-06', 'completed');
insert into order_history values ('13', '2016-02-02', 'completed');
insert into order_history values ('14', '2016-03-02', 'completed');
insert into order_history values ('15', '2015-07-01', 'completed');
insert into order_history values ('16', '2015-05-02', 'completed');
insert into order_history values ('17', '2016-01-04', 'completed');
insert into order_history values ('18', '2015-01-05', 'completed');
insert into order_history values ('19', '2015-01-06', 'completed');
insert into order_history values ('20', '2016-02-02', 'completed');
insert into order_history values ('21', '2016-03-02', 'completed');
insert into order_history values ('22', '2015-07-01', 'completed');
insert into order_history values ('23', '2015-05-02', 'completed');
insert into order_history values ('24', '2016-01-04', 'completed');
insert into order_history values ('25', '2015-01-05', 'completed');
insert into order_history values ('26', '2015-01-06', 'completed');
insert into order_history values ('27', '2016-02-02', 'completed');
insert into order_history values ('28', '2016-03-02', 'completed');
insert into order_history values ('29', '2015-07-01', 'completed');
insert into order_history values ('30', '2015-05-02', 'completed');
insert into order_history values ('31', '2016-01-04', 'completed');
insert into order_history values ('32', '2015-01-05', 'completed');
insert into order_history values ('33', '2015-01-06', 'completed');
insert into order_history values ('34', '2016-02-02', 'completed');
insert into order_history values ('35', '2016-03-02', 'completed');
insert into order_history values ('36', '2015-07-01', 'completed');
insert into order_history values ('37', '2015-05-02', 'completed');

insert into ordering values ('alice', '1');
insert into ordering values ('alice', '6');
insert into ordering values ('alice', '11');
insert into ordering values ('alice', '16');
insert into ordering values ('alice', '21');
insert into ordering values ('alice', '26');
insert into ordering values ('alice', '31');
insert into ordering values ('alice', '36');
insert into ordering values ('bob', '2');
insert into ordering values ('bob', '7');
insert into ordering values ('bob', '12');
insert into ordering values ('bob', '17');
insert into ordering values ('bob', '22');
insert into ordering values ('bob', '27');
insert into ordering values ('bob', '32');
insert into ordering values ('bob', '37');
insert into ordering values ('catherine', '3');
insert into ordering values ('catherine', '8');
insert into ordering values ('catherine', '13');
insert into ordering values ('catherine', '18');
insert into ordering values ('catherine', '23');
insert into ordering values ('catherine', '28');
insert into ordering values ('catherine', '33');
insert into ordering values ('donald', '4');
insert into ordering values ('donald', '9');
insert into ordering values ('donald', '14');
insert into ordering values ('donald', '19');
insert into ordering values ('donald', '24');
insert into ordering values ('donald', '29');
insert into ordering values ('donald', '34');
insert into ordering values ('eddie', '5');
insert into ordering values ('eddie', '10');
insert into ordering values ('eddie', '15');
insert into ordering values ('eddie', '20');
insert into ordering values ('eddie', '25');
insert into ordering values ('eddie', '30');
insert into ordering values ('eddie', '35');

insert into books_ordered values ('1', '1449389678', '1');
insert into books_ordered values ('6', '032147404X', '2');
insert into books_ordered values ('11', '0684801523', '1');
insert into books_ordered values ('16', '0321579364', '3');
insert into books_ordered values ('21', '0470565527', '1');
insert into books_ordered values ('26', '0132350882', '1');
insert into books_ordered values ('31', '0596101996', '2');
insert into books_ordered values ('36', '0735619670', '1');

insert into books_ordered values ('2', '1594487715', '1');
insert into books_ordered values ('7', '0393072223', '2');
insert into books_ordered values ('12', '0393956164', '1');
insert into books_ordered values ('17', '9562913627', '3');
insert into books_ordered values ('22', '1770454616', '1');
insert into books_ordered values ('27', '0553585975', '1');
insert into books_ordered values ('32', '0393324869', '2');
insert into books_ordered values ('37', '1414282893', '1');

insert into books_ordered values ('3', '0470523980', '1');
insert into books_ordered values ('8', '032144146X', '2');
insert into books_ordered values ('13', '1848000693', '1');
insert into books_ordered values ('18', '0393324869', '1');
insert into books_ordered values ('23', '1414282893', '1');
insert into books_ordered values ('28', '0226264211', '1');
insert into books_ordered values ('33', '9562913627', '2');

insert into books_ordered values ('4', '1848000693', '1');
insert into books_ordered values ('9', '1449389554', '2');
insert into books_ordered values ('14', '0538497904', '1');
insert into books_ordered values ('19', '0495011606', '1');
insert into books_ordered values ('24', '0471793035', '1');
insert into books_ordered values ('29', '0495014281', '1');
insert into books_ordered values ('34', '0072965339', '2');

insert into books_ordered values ('5', '0596529325', '1');
insert into books_ordered values ('10', '1449389678', '2');
insert into books_ordered values ('15', '1607146428', '1');
insert into books_ordered values ('20', '1770450718', '1');
insert into books_ordered values ('25', '0321568095', '1');
insert into books_ordered values ('30', '1893858200', '1');
insert into books_ordered values ('35', '0553109537', '2');


